,text,label
0,Er det ikke noget med at fly kun mÃ¥ starte og lande fra baner der ligger i computeren?,neutral
1,Der er sÃ¥ mange flere grunde til at #stÃ¥afiroskilde frem for HÃ¸je-TÃ¥ #sigerdetbare,neutral
2,"Det selvfÃ¸lgelig en anden side.. Der kÃ¸rer jeg ikke nok med dem til at kunne udtale mig. Det mÃ¥ dog uden lige, stadigt vÃ¦re et overkommeligt problem at kunne lÃ¸se.. Hvis viljen er der fra DSB..",neutral
3,"Lad os snart fÃ¥ en #skattereform ğŸ˜ğŸ˜ en reform der sÃ¦tter topskatten markant op, og selskabsskatten ligesÃ¥! #dkpol SÃ¥ kÃ¸rer det âœŒï¸",negative
4,"Det altsÃ¥ lidt vildt det her!

Schweizisk hÃ¸jreflÃ¸jspolitiker begrunder valgnederlag i at de â€œdruknede i en grÃ¸n bÃ¸lgeâ€!

En â€œbÃ¸lgeâ€ der opstod efter @USERâ€™s tale i Davos.

Ringe i vandet folkens.
Noget er sgu i gÃ¦re!

#GrÃ¸ntValg
#dkpol #dkgreen
[LINK]",positive
5,"RT @USER: HÃ¸jesteret reddede Lual Lual fra forvaring - nu er han sigtet for tre drab

[LINK]",neutral
6,"#CentraliseringNejTak #DKPOL
Pinligt at lytte til VLAK+ DF
De har ikke styr pÃ¥ noget, ikke engang hvor mange ansatte der er i sundhedsvÃ¦snet. Hvis man har udsultet regionerne i Ã¥revis, nu tilfÃ¸rer midler, som skal gÃ¥ til nyt central Akut 113 og nyt IT system, virkelig borgernÃ¦r",negative
7,Danbolig dropper samarbejde med 15 butikker efter afslÃ¸ring af kritisable metoder,neutral
8,Kan se Sofie er stedfortrÃ¦dende leder. Er det fordi Morten er ude at svÃ¸mme. ğŸ˜‰,positive
9,"Som kandidat er man fri til at fokusere pÃ¥ hvad end man lyster.

Men mindre mudderkastning ville mÃ¥ske efterlade et mere trovÃ¦rdigt indtryk.

Eller bare 1 (en) hjertesag.

Medmindre man naturligvis ikke har nogen - sÃ¥ er det altid lettere at bashe andre ğŸ¤ªğŸ˜‰",negative
10,"Der er helligdag, Det gÃ¸r hun selvfÃ¸lgelig i morgen. Men som sagt, det er ikke fÃ¸rste gang.",negative
11,jaaa det er dejligt! men fÃ¥r jo kun bogodt fra folk hvis du slÃ¥ det til ved hver enkelte person,positive
12,Ikke ombestemt ... Fundet en billigere lÃ¸sning - omfartsvejen kommer stadig - bare kun til 80 mio kr. Det er stadig for 80 mio kr tÃ¥beligheder,negative
13,"Er NÃ¸rrebro ved at gÃ¥ til i en uhellig alliance mellem den yderste venstreflÃ¸j, indvandrerbander og radikale muslimer? FÃ¸rst da Rasmus Paludan ramte den plagede kÃ¸benhavnske bydel, gik det galt. #NÃ¸rrebro #dkkrim #dkpol #KriminelleUdlÃ¦ndinge",negative
14,"Jeg ser pÃ¥ en udtalelse fra i gÃ¥r; deres spil Vampyr har solgt over 1 mil, samt deres publisher Focus Home Interactive har fornyet en kontrakt med DONTNOD. Det ser ud til, at selskabet er ved at skabe lidt momentum",positive
15,LÃ¦s et uddrag fra mandagens dÃ¸gnrapport her. #politidk,neutral
16,"Ligesom din tolkning er bekvÃ¦m..
Det er hÃ¥rdt at skulle se i Ã¸jnene, at dem vi troede skulle passe pÃ¥ os, gÃ¸r det modsatte. Det er bÃ¸rnelÃ¦rdom at poliet beskytter os, derfor svÃ¦rt at tro nÃ¥r de ikke gÃ¸r.",negative
17,"Det er imponerende, at Rojo kigger tilbage pÃ¥ Anderson to gange, inden Anderson helt udÃ¦kket kan prikke bolden i mÃ¥l. Lad mig gÃ¦tte pÃ¥ at han ikke er pÃ¥ Old Trafford efter sommerpausen. #pldk",negative
18,Men det er da sÃ¥ ugennemtÃ¦nkt med den tekst ift produktet? Her kan du lÃ¦se om animalske produkter i vin,negative
19,"Liverpool er selvsagt klasser bedre end Huddersfield, men Keita blir en kÃ¦mpe profil nÃ¦ste sÃ¦son. Sammen med Alex Oxlade-Chamberlain kan det blive en voldsom midtbane #pldk",positive
20,"Jaa, det glÃ¦der jeg mig ogsÃ¥ til! Det er en luksus at have sÃ¥ gode folk omkring sig ğŸ‘",positive
21,Ny rapport: Als-Fyn bro kan blive stor gevinst for Syd- og SÃ¸nderjylland,positive
22,"Hvis du har 5 DBs pÃ¥ banen, skal dine LBs stadig gÃ¸re rigtigt meget i kastespillet, da NFL-angrebene strÃ¦kker pÃ¥ alle leder og kanter, og TEs og RBs er super atletiske. Nickel har vÃ¦ret det nye base i flere Ã¥r, og dÃ¥rlige LBs i opdÃ¦kningen har kostet dyrt de sidste par Ã¥r",neutral
23,"

Jeg hÃ¥ber det er ventetiden vÃ¦rd. (Y)

God weekend.

Vh/ Michael",positive
24,"Blev gravid og aflyste i 2018: Nu vender rapper tilbage som hovednavn pÃ¥ Roskilde Festival,",neutral
25,"SkÃ¸nne notre dame - hÃ¥ber det kan repareres og ikke bryder sammen. 
Ingen dÃ¸de pt.",positive
26,Der er alt for meget at komme efter i den norske (og danske) undergrund!,neutral
27,"Uha, nu sÃ¦tter du min Bundesliga-viden pÃ¥ prÃ¸ve. Jeg har kun set dem, nÃ¥r de har spillet europÃ¦isk. Men jo, der er det i hvert fald mest Werner, der er den bevÃ¦gelige af de to, mens Yussuf befinder sig mest centralt.",neutral
28,"FÃ¸rste krise hos lufthavns-korrespondenten her i Istanbuls nye lufthavn: Jeg eksisterer ikke. 
Lover at opdatere, hvordan dramaet ender inden lÃ¦nge.",neutral
29,"Hva bunner uviljen i mot Ã¥ analysere islamistenes ideologi? Er det for store likheter med mainstream Islam? PÃ¥skens ofre. Skal gerningsmÃ¦ndene hurtigt fanges og straffes, mÃ¥ vi ogsÃ¥ udpege ideologien, der har drevet dem. D | Weekendavisen",negative
30,Eller fordi det er godt at se hvor dÃ¥rligt livet var fÃ¸r i tiden. De gode gamle dage findes ikke,negative
31,"En perfekt men lidt kÃ¸lig dag til en lÃ¸betur. Og de sagde i vejrudsigten, at der er chance for, at bÃ¸gen snart springer ud ğŸ˜ Pssst: Jeg har fÃ¸dselsdag 17. juni, ğŸ˜ #dkpol",positive
32,DF vil forbyde skolegang hvis opholdstilladelsen ryger,negative
33,"Ret din kritik mod Niko GrÃ¼nfeld og de andre. Det er dem, der taler om syg kultur i DINE personlige angreb er ikke vÃ¦rdige for den nye politiske kultur, som Ã¸nsker sig.",negative
34,"I pÃ¥sken er jeg pÃ¥ sidelinien herâ€¦
Tors #fckfcm
Fre #obfcn
SÃ¸n ViborgFF vs NÃ¦stved
SÃ¸n #vbagf
Man #rfcaab
Man #fcmbif
#sldk #NordicBetLigaen",neutral
35,"PÃ¥ ingen mÃ¥de. Det var for at nuancere, og give eksempler pÃ¥ at demokratiet er den eneste styreform som giver plads til forskellige holdninger - via lov.",positive
36,"Selvom Danmark ikke er lÃ¦ngere er med i det europÃ¦iske politisamarbejde, Europol, sÃ¥ bruger politiet Europols forbryder-database (EIS) som aldrig fÃ¸r. #dkpol",negative
37,"Fremtidens klimapolitik? Det kunne jeg forstÃ¥, hvis vi var pÃ¥ rette spor. MÃ¥ske tiden er bedre brugt pÃ¥ med nutidens klimapolitik? Du har et borgerforslag foran dig som indikerer folkestemningen. 4Ã¥r pÃ¥ posten og vores udledninger stiger. Vi har ikke tid! #GrÃ¸ntValg",negative
38,Ingen tvivl om at bevÃ¦gelsen har vÃ¦ret der et stykke tid hos Republikanerne - men er af noget nyere dato hos Demokraterne.,neutral
39,Tysk vÃ¦kst og stÃ¦rke afgrÃ¸der skal sikre DLG rekordÃ¥r i 2019,positive
40,"Sammen med har jeg talt med en del af de ft-medlemmer, der stopper, om hvorfor de stopper og om dansk politik anno 2018. Der var nogle interessante refleksioner undervejs #dkpol",neutral
41,Jeg lukkede den faktisk ned inden et mÃ¸de ğŸ˜¬,neutral
42,"Video: Hvad ved vi om ghettoer, integraton og ikke-vestlige personer? ifÃ¸lge vores taler ser det bedre ud end man tror #dkpol #integration #indvandring",positive
43,"Er du nysgerrig pÃ¥, hvordan du diskvalificerer dig selv fra at blive taget seriÃ¸st i den offentlige debat? Naser har svaret. #dkpol #dkmedier",negative
44,Farum Lilleskole flytter ind hos FC NordsjÃ¦lland,positive
45,"Det er sÃ¥ synd for Ajax, at det her hold nok bliver splittet fra hinanden",negative
46,"Hvorfor bruger du ikke dit eget navn, men dÃ¦kker dig under PaigeZanco ?",neutral
47,Danske Bank: Blackrock ejer under 5 pct,neutral
48,Teknologisk Institut: Nye vejledninger skal rÃ¥dgive om altaner #altaner #dkbyg,neutral
49,Fint forslag fra Hans Stavnsager. Det er vigtigt at diskutere alternativer til den mÃ¥de som den finansielle sektor fungerer pÃ¥.,positive
50,Kommer DR til at skrive lÃ¦ngere end DF og Danske Medier vil have i 2019 - og andre svÃ¦re spÃ¸rgsmÃ¥l!,negative
51,Vind VIP-billetter til Disney On Ice - og fÃ¥ en tur i Alladins slÃ¦de,neutral
52,SÃ¥ godt sagt - Du har sÃ¥ meget fat i den rigtige point ğŸ™‹â€â™‚ï¸ Tak Pernille ğŸ™,positive
53,"SÃ¥ det er dÃ©t, der er kritikken?",neutral
54,RT @USER: En AaB-legende siger stop #sldk,neutral
55,"#vismÃ¦nd i : ""FordelingsmÃ¦ssige hensyn bÃ¸r ikke vÃ¦re en hindring for at fÃ¸re en omkostningseffektiv klimapolitik, da uÃ¸nskede fordelingseffekter kan imÃ¸degÃ¥s f.eks. via Ã¦ndringer i den grÃ¸nne check."" #dkgreen #dkpol #dkÃ¸ko 
[LINK]",neutral
56,Ha - det kommer der af at flytte dele af red. til Jylland. Hvem var det nu der var bannerfÃ¸rer her? SpÃ¸rger bare.,negative
57,"Erhvervsminister @USER, der er pÃ¥ trapperne med et byrdeudspil, bÃ¸r nedsÃ¦tte en kommission, der skal sikre enklere regler. Det mener a-kassen Ase, der sender en rÃ¦kke konkrete forslag til byrdelettelser til ministeren.
#dkpol #dkbiz
[LINK]",neutral
58,Guardiola: Medierne vil have Liverpool til at vinde mesterskabet #pldk,neutral
59,"Ja man skal sÃ¦tte god tid af for at prÃ¸ve alle mulighederne. Men hvis du vÃ¦lger ikke at vÃ¦lge noget, sÃ¥ vÃ¦lger filmen automatisk for dig. SÃ¥ behÃ¸ver du ikke klikke pÃ¥ noget ;)",positive
60,Et stort tillykke til og vinderne af Ã¥rets Cavlingpris ğŸ’ªğŸ¼,positive
61,Mindst 20 aflyste afgange: Letbaneproblemer fortsÃ¦tter torsdag,neutral
62,"Nej, det mÃ¥ jeg indrÃ¸mme. Jeg har kun kigget pÃ¥ redningsprocenter. Men meget interessante sager ğŸ‘ğŸ¼",positive
63,"menneske - og ved at som Paludan tit siger alle muslimer er amÃ¸ber og underudviklet, sÃ¥ fÃ¸ler jeg lidt det arbejder hen imod det jeg som person har noget imod.",negative
64,"Jeg er 100% sikker pÃ¥, at enhver fagforening/ethvert fagforbund sagtens - og uden problemer - kan varetage sine interesser. Men det ville vÃ¦re meget ubegavet at kaste penge efter LA, som kun tramper pÃ¥ 'almindelige', ualmindelige danskere.",negative
65,Det her er jo et eklatant eksempel pÃ¥ magtmisbrug for egen vindings skyld... bibringer i den grad de elementer der kvÃ¦ler og undertrykker et ellers smukt og hÃ¥rdt oparbejdet demokrati #dkpol #FinderISelvUd,negative
66,SÃ¥ er der #klimakryds! Rigtig god valgkamp #dkgreen #dkpol #fv19,positive
67,"Jeg siger ikke, jeg havde ret! Jeg siger bare... jeg havde ret.",neutral
68,"Udfordringen med confounders er, at man aldrig kan vide, om man har fundet dem alle. Det er i sagens natur umuligt. Derfor kan man ikke med statistikken i hÃ¥nden afvise andre forklaringer uden fÃ¸rst at analysere dem pÃ¥ tilsvarende vis.",neutral
69,Vores mission er at fÃ¥ Mette til at vÃ¦lge noget andet end DFs politik. Og nej vi kommer ikke til at pege pÃ¥ EL. Pengene passer ikke.,neutral
70,Nogle gange er du voldsomt trÃ¦ttende ...,negative
71,Nu gÃ¸r du et dumt meme politisk... Iâ€™m just here for the lolz :D,neutral
72,26 personer ejer det samme som jordens fattigste halvdel,negative
73,Italiensk supermarked i hovedstaden reddet fra konkurs,positive
74,Hvem har glemt at fortÃ¦lle Ajax at de bare kommer fra en â€œudviklingsâ€ liga og at det er ikke lÃ¦ngere er midt 90â€™erne? Det er jo vanvittig.,negative
75,"DesvÃ¦rre, sÃ¥ kan de jo sÃ¥ nu bruge det som bevis pÃ¥ at kriminelle lÃ¸mler sÃ¦tter dagsordenen og blablabla. For dem er det en win win og det er samfundet der taber",negative
76,"Ham jeg skal kÃ¸re med pÃ¥ torsdag til KÃ¸benhavn har netop skrevet og spurgt, om det er OK, der er en hundehvalp med i bilen. 
*nedsmeltning* 
BEDSTE LIFT NOGENSINDE!! ğŸ˜",positive
77,"Hej Lasse 
Jeg ville gerne skrive en PM til dig, sÃ¥ er der mulighed for at du lige give et follow-back, sÃ¥ jeg kan skrive til dig? :=)",positive
78,AltsÃ¥ hvorfor var det lige Costa fik rÃ¸dt kort? Produceren mener Ã¥benbart ikke det er vigtigt at vise #BarcaAtleti,negative
79,"Italien, EM, Salvini: ""Vi udvider familien og vi Ã¸nsker at vinde"". Men det er en Ã¦gte lÃ¸gn, fordi du ikke er klar over, at du har accepteret krÃ¦nkelserne for at rejse til fattige mennesker Euro 1, 2 og 3. Du er forbrydelser, bortset fra respektfulde.",negative
80,OpsigtsvÃ¦kkende melding - og her tÃ¦nker jeg ikke sÃ¥ meget pÃ¥ karrysovsenğŸ˜,positive
81,"OPEN FOR BUSINESS!

Jeg er blevet selvstÃ¦ndig med min egen lille virksomhed, Aloud Media.

Biksen laver mÃ¥lrettet og effektiv kommunikation, og det meste inden for journalistik, podcast og PR. 

Tjek hjemmesiden og hiv endelig fat i mig for at hÃ¸re mere.

[LINK]",positive
82,"Men hvis LÃ¸kke ikke kan forestille sig han kommer ind, sÃ¥ er spÃ¸rgsmÃ¥let jo totalt ligemeget? 
Jeg nÃ¦gter at tro pÃ¥, at den syge syge mand fÃ¥r over 5000 stemmer. Det sker ikke.",negative
83,"P1 bÃ¸r mute Claus Hjort Vader, nÃ¥r han taler ind over spÃ¸rgsmÃ¥l. 

Vader kom op i det rÃ¸de felt, selvom var bÃ¥ndet og ikke kunne respondere. 

Viste med al tydelighed at Vader med sin militÃ¦re overvÃ¥gning af civile organisationer er pÃ¥ gyngende grund.",negative
84,For mig var det Google Ads pÃ¥ diverse mediers sider,neutral
85,"Hvordan kan man fÃ¥ sig selv til at gÃ¥ ind i en kirke og omgivet af mÃ¦nd, kvinder og bÃ¸rn springe sig selv i luften? 
Hva er det for en tro der siger at det er ok?
Der er en speciel plads i helvede til disse personer ğŸ¤¬

ğŸ˜¢

#SriLanka",negative
86,"Ny rapport fra Cisco forudsiger, at 5G-teknologi vil udgÃ¸re 23,2 pct. af al mobiltrafik i Vesteuropa i 2022. Det er en stigning fra 0 pct. i 2017. PÃ¥ globalt plan forventes 5G-forbindelser at udgÃ¸re 3 pct. af det samlede antal enheder og forbindelser...",neutral
87,"To af dem er fra fÃ¸r det seneste folketingsvalg i 2015, og det sidste er ikke ultimativt?",negative
88,"â€˜Jeg er nu nÃ¥et til den konklusion, at det allervÃ¦rste ved mig er, at jeg er en kvinde, man ikke kan lukke munden pÃ¥.â€™ LÃ¦s og mÃ¥b, nÃ¥r fortÃ¦ller fra debattens stormende bÃ¸lgetoppe, hvor det fremgÃ¥r at kvinder - de skal bare holde deres kÃ¦ft. #dkpol",negative
89,"Jeg kan ikke forstÃ¥ at jeg skal betale gammel skat 760kr. hver mÃ¥ned,ikke min indkomst ,det er helt uforstÃ¥eligt.",negative
90,"#dkmedier Der er en mindre eksplosion her, som kunne fortjene lidt opmÃ¦rksomhed.",neutral
91,"Hvorfor mÃ¥ SOSUâ€™erne, der har vÃ¦ret i gang siden de var 20 Ã¥r, dog ikke have lov til at trÃ¦kke sig lidt tidligere tilbage end alle akademikerne? Hvorfor skal de kunne fremvise et varigt tab af arbejdsevne? Er det retfÃ¦rdigt, nÃ¥r akademikeren fÃ¸rst er begyndt i job 5-6 Ã¥r senere?",negative
92,NÃ¥. Men hvad er dit svar?,negative
93,"Vi river den i stykker 
Og sÃ¥ tramper vi pÃ¥ den
Det her er vores hjem!
#almenmodstand #gellerup #toveshÃ¸j #ghettopakken",negative
94,Kronik: Holocaust: Vi har alle et ansvar for ikke at glemme,neutral
95,"SÃ¥ er den store prÃ¸vedag kommet. 37 aspiranter prÃ¸ver i disse dage krÃ¦fter med de fysiske og skriftlig optagelsesprÃ¸ver til politiet. PrÃ¸verne finder sted pÃ¥ politiskolen i Fredericia. Se mere om opagelsesprÃ¸verne pÃ¥ 
#politidk",neutral
96,RP er heldig at han som den eneste har fÃ¥et minimumsnormeringer - bare af politiet. #dkpol,negative
97,"GrundlovsfohÃ¸r i Retten i Aarhus kl. 13.00, hvor vi fremstiller en 32-Ã¥rig kvinde, der sigtes for kvalificeret brandstiftelse ved at have sat ild til nogle genstande i sin lejlighed pÃ¥ Aldersrovej i Aarhus N kl. 19.30 mandag aften. Muligvis dÃ¸rlukning. #politidk #anklager",neutral
98,"Hej folkens â¤ï¸ğŸ’šğŸ’œğŸ’™
SÃ¥ er jeg kommet pÃ¥ Twitter..
Lad os se hvad det bringer jer... Jeg vil komme ind pÃ¥ mange forskellige emner med tiden âœŒï¸âœŒï¸.
Knus og kÃ¦rlighed Nina SjÃ¦lens Univers.",positive
99,"Mere barsel bliver Ã¸remÃ¦rket - vil ikke hÃ¦nge sammen hos os, siger far",negative
100,"Omkring 60 vidner har siden oktober afgivet forklaring i retssag pÃ¥ Falster. TV Ã˜ST har lÃ¸bende live-blogget, men forsvarsadvokat mener, det skal vÃ¦re forbudt, da det pÃ¥virker vidnerne. HÃ¸jesteret skal nu vurdere sagen #dkmedier",neutral
101,"AGF og Jacob Nielsen er jo et perfekt match - Kaos pÃ¥ kaos! Allan K. Jepsen var igÃ¥r skurken ifÃ¸lge Jacob Nielsen, idag beklager de ğŸ¤­ğŸ˜‚ğŸ¤­ğŸ˜‚ SlÃ¸jt slÃ¸jt slÃ¸jt! Den er svÃ¦r at forsvare, selv for stÃ¦dige GFâ€™ere ğŸ¤¦â€â™‚ï¸ #sldk #spiongate #ultratwitteragf #aabinside",negative
102,"Hvis ikke det mindede ufatteligt meget om korruption, er det til at grine af. Samtidig betegner politikere eleverne pÃ¥ s protest som en â€œskandaleâ€. Skandalen er DFs svineri for borgernes penge pÃ¥ latterlige prestigeprojekter som Ã¸er, grÃ¦nsebomme og veje",negative
103,Valverde frygter Uniteds Ã¥nd #MUFC #PLDK #Ã¦gtefans,neutral
104,Regeringen har nu skÃ¥ret 6.215.594.739 DKK pÃ¥ uddannelse siden 2015. Det svarer til 9 millioner kroner om dagen! FÃ¸lg nedskÃ¦ringerne live pÃ¥ #dkpol #uddpol #fv19 #Stop2pctNU,negative
105,"Interessant svar fra en ung mand, vi har haft med i en fokusgruppe om grÃ¦nseoverskridende indhold (feks videoer fra terror): ""For det meste ser jeg sÃ¥dan nogle videoer, fordi jeg bliver nÃ¸dt til det - altsÃ¥ det her er virkeligheden.""

[LINK]",neutral
106,"AltsÃ¥ kernen: hende Amalie, som helt bevidst har benyttet sin populistiske magt til at lave shitstorm og gruppepres med henblik pÃ¥ at fÃ¥ en kunstner til at udÃ¸ve selvcensur ?
Men eftertanke er altid godt. Bare det ikke giver bagtanker. Og trusler er uacceptabelt.",negative
107,"At de radikale er med , det siger det hele .
SÃ¥ er man klar over, at det absolut ikke gavner de mest nedslidte.
Ikke engang en tilbagegang pÃ¥ 21 mandater , kan fÃ¥ jer til at levere et ordentligt stykke arbejde.
Men det fÃ¥r i snart 4 Ã¥r at tÃ¦nke over i !.",negative
108,"Paludan har da sin fulde ytringsfrihed. Han kan sige hvad han vil.

Men da politiet nu egang skal sikre ro og orden skal de selvfÃ¸lgelig have mandat til at disponere over deres ressourcer.

Hvordan har du det forÃ¸vrigt med Paludans budskab?",neutral
109,Der rÃ¸g den fredag aften :-) tak,positive
110,Jeg er dybt bekymret!! #dkpol #dkhandicap,negative
111,"SÃ¸ndag den 26. maj er der valg til Europa-Parlamentet. Men hvis det passer dig bedst at stemme inden selve valgdagen, kan du stemme allerede nu. LÃ¦s mere her: 
[LINK]

#Dennegangstemmerjeg 
#EUvalg2019",neutral
112,"""Nu er det op til May-regeringen selv at vÃ¦lge enten den ansvarlige kurs, som EU har skitseret â€“ eller at fortsÃ¦tte kursen mod Hard Brexit""

Professor Derek Beach: May insisterer pÃ¥ at fÃ¸re Storbritannien mod afgrunden (abon): #dkpol #eudk",negative
113,"Har brug for hjÃ¦lp! 
Kender jeg en der kommer forbi Odense Zoo her til morgen? ğŸŒ

Jeg har brug et (eller flere) billeder af indgangen+bygningerne ved siden af, der hÃ¸rer til. ğŸ¦

Det er blevet lavet lidt om - og...",neutral
114,"Ungdommens (og mange andres) Ã¸nske til et nyt folketing: bevar adgangen til natur, sÃ¥ alle bÃ¸rn og unge kan komme ud og fÃ¥ oplevelser, der styrker dem 
#friluftslivforalle #dkgreen #dkpol #fv19 Tak til for at give ungdommens Ã¸nske videre",positive
115,. NÃ¥r debatten kÃ¸rer pÃ¥ nettet bliver den ofte generel Men islam som ideologi hÃ¸rer ikke hjemme i et demokrati og Koranen er en voldsmanual for analfabeter sÃ¥ alt det lort der har Ã¸delagt de muslimske lande vil vi ikke have skal Ã¸delÃ¦gge vores,negative
116,"PÃ¥ uddannelsesinstitutionerne mÃ¥ man gÃ¥ ud fra at der er fÃ¦llesskabsregler for hvordan det forventes at omgÃ¥s hinanden og ""gÃ¦ster af huset"". Hvis ikke der er det, sÃ¥ burde der vÃ¦re det.",negative
117,"TerslÃ¸se Kirke er blevet Vejkirke TerslÃ¸se Kirke er blevet en sÃ¥kaldt Vejkirke. Det indebÃ¦rer, at kirken Ã¥ret rundt kan besÃ¸ges af turister og alle interesserede pÃ¥ fÃ¸lgende dage: Tirsdag-onsdag-torsdag kl. 8-15.",neutral
118,"Det har du fuldstÃ¦ndigt ret i, og det er et stort problem for #dkmedier, at det ikke er lykkes at skabe en ordentlig booking-platform til dette segment.",positive
119,RT @USER: TÃ¦nk at det siger i dette interview ikke bare er indlysende for enhver:,positive
120,Massiv kÃ¸ efter uheld pÃ¥ KÃ¸ge Bugt-motorvejen,neutral
121,Hej Troels. Kunne I ikke spare mig for en masse research og lave en opdateret version af denne: :) #sldk,positive
122,"Du har en holdning mod 4 timers SoMe uanfÃ¦gtet hvad tiden bruges pÃ¥, som ogsÃ¥ pÃ¥peger. Den logiske slutning er den samme som at stemme for et vildsvinehegn, fordi man har en ""holdning"" til at det virker.",negative
123,"Klart - nu skal der glattes ud. Spin fra klubbens side. Se hele scenariet igen. Der var ingenting at misforstÃ¥ i kommunikationen fra Kepa om, at han var klar igen.",negative
124,"KÃ¦re larsclilleholt 
 Vidste du at klimaforandringerne fÃ¥r verdenshavene til at stige, og det vil skabe dobbelt sÃ¥ mange oversvÃ¸mmelser om blot fÃ¥ Ã¥rtier, viser nyt studie. Specielt KÃ¸benhavn kan stÃ¥ for skud! 
Hvad vil du gÃ¸re ved det? #dkpol",negative
125,"Hvordan sÃ¦tter vi strÃ¸m til et grÃ¸nnere Danmark? FÃ¥ svar fra og @USER, nÃ¥r vi inviterer til valgdebat sammen med d. 25. marts â¤ #dkpol #dkgreen #dkenergi",neutral
126,"Som etnisk dansk af udseende, mellem 30 og 40 Ã¥r gammel og 170-180 centimeter hÃ¸j vil jeg gerne tage afstand fra det her, selvom min slags ikke behÃ¸ver den slags. Fy for fanden! SÃ¥ er det jeres tur, #dkpol",negative
127,Det er svÃ¦rt at bevare proportionerne kan jeg konstatere. God weekend.,negative
128,"Jeg er faktisk ogsÃ¥ meget overrasket over United. Pisse Ã¦rgerligt de fÃ¥r det mÃ¥l, men det virkede nÃ¦sten som om, at det var det der skulle fÃ¥ United i gang ğŸ¤” 1-1 ville ikke vÃ¦re en katastrofe! KOM SÃ… UNITED!!",positive
129,"Leo Vegas, hvor en 42-Ã¥rig kvinde forleden tabte en halv mio. kr. pÃ¥ et dÃ¸gn, er i dag klar med endnu en ulovlig annonce leveret af Det er utroligt, at danske politikere bliver ved med at tro, at bookmakerne regulerer sig selv #Utopia #dkpol",negative
130,"ğŸ§ ğŸ‡²ğŸ‡¦ğŸ‡©ğŸ‡°Ny podcast: Danmarks ambassadÃ¸r i Marokko, Nikolaj Harris, fortÃ¦ller om Marokkos aktive udenrigs- og sikkerhedspolitik og om landets altoverskyggende prioritet - nemlig kontrollen over det omstridte omrÃ¥de, Vestsahara #dkpol #podcastdk #dkmedier ğŸ‘‰
[LINK]",neutral
131,Dansk Folkeparti er klar til at give togbroen dÃ¸dsstÃ¸det #vaf,negative
132,"Really? - det bliver sgu svÃ¦rere og svÃ¦rere at overbevise min bedre halvdel om at at Danmark overhovedet Ã¸nsker at man skal integrere sig. Jeg fattes ord. Gad vide om vil stÃ¸tte det?

#dkpol #pakker #snart #sydfrugter",negative
133,Jeg fÃ¸ler at 2019 starter overordentligt godt :),positive
134,Vigtig melding fra S. Og med DFs udtalelser i sidste uge burde der nu vÃ¦re flertal for at afskaffe besparelserne ved nÃ¦ste finanslov #Stop2pctNU,neutral
135,"Tror du, jeg er Ã¥ndsvag? Den der borgerliggÃ¸relse af det yderste hÃ¸jre, er alt for gennemskuelig og enormt trÃ¦ttende. Jeg hopper fra her, og fokuserer pÃ¥ kÃ¦rligheden. Du skulle prÃ¸ve dÃ©t.",negative
136,Med disse gratis apps kan du klare alt fra kontorarbejde til billedredigering og musikproduktion direkte fra din browser.,positive
137,Fenerbahce fortsatte sejrslÃ¸s stime i Alanya,neutral
138,"Det er helt ude i hampen, DF og regeringen har tilsyneladende ingen jordforbindelse mere. Udrejsecenteret, kan DF og regeringen kun holde sig selv ud tilsyneladende, da man vil oprette en lejer pÃ¥ en Ã¸, som man sÃ¥ vil sÃ¸rge for at der er sÃ¥ fÃ¥ afgange til som muligt det er sygt",negative
139,"Jeg finder det mere problematisk, at de antager den yngre generation ikke kender Michael Laudrup. HistorielÃ¦rer mÃ¸gunger!!",negative
140,"Det er da et fantastisk initiativ.. BÃ¸rnene fÃ¥r en bevidsthed om natur/miljÃ¸.. Vi fÃ¥r ryddet op.. Og mon ikke vores skoler bruger nogle undervisningstimer i denne uge, der relaterer til Natur/MiljÃ¸..?? Win-Win..ğŸ‘ğŸ‘ #dkpol..",positive
141,"Skal betonelementerne i Parken da ligeledes skiftes? Hvis ikke, er det da godt nok smÃ¥ligt. I sÃ¥ fald kender vi dem igen!",negative
142,"Hold da op hvor arrogant og nedladende, dÃ¦leme lavt ğŸ˜²ğŸ˜¬ğŸ™„",negative
143,"Regeringens udkast til Havstrategi II efterlader det indtryk, at havet blot skal vÃ¦re til menneskets udnyttelse. Det skriver DFâ€™s #dkpol #dkgreen",negative
144,"Gik tur med kÃ¦resten, da han ramte en skulder: Pludselig blev han banket ned og overfaldet #lokalavisen #nyheder",negative
145,"Det seneste dÃ¸gns tid har vist, hvad jeg har snakket om i mange Ã¥r.

Der er alenstor forskel pÃ¥ at TALE sig selv tolerant og sÃ¥ at UDVISE tolerance. At udvise tolerance stÃ¥r fÃ¸rst sin prÃ¸ve den dag man mÃ¸der noget man for...",neutral
146,Kommer RiskÃ¦r i Folketinget?,neutral
147,"Venstre lÃ¦gger sten i vejen for borgerforslaget om ny klimalov. De siger de er grÃ¸nne, men obstruerer processen, nÃ¥r der skal handles #dkgreen #dkpol",negative
148,"Forud for energiaftalen slog vi bare fast, at vi skulle bygge MINDST Ã©n havpark hurtigst muligt. Men de ekstra udbud vi lavede af landvind, stemte I ikke for - men I havde jo ogsÃ¥ kun afsat NUL kroner til klima og energi i jeres finanslovsudspil #dkgreen #dkpol",negative
149,"Synes ikke jeg er sÃ¦rlig farvet her. Har intet problem med at skÃ¦re BrÃ¸ndby over heller, som jeg har gjort mange gange pÃ¥ en objektiv mÃ¥de herinde, hvis du lÃ¦ser igennem. Men vi kan jo have forskellige (tydeligvis) holdninger, og det skal der ogsÃ¥ vÃ¦re plads til :-)",neutral
150,Vild slutspurt: Boligejerne har sparet millioner pÃ¥ stor konverteringsbÃ¸lge,positive
151,Mine forÃ¦ldre har dÃ¦leme aldrig gÃ¥et med mig til sport. Cyklede og bussede den da selv?,negative
152,"Mon ikke vi alle har vores smÃ¥ diagnoser, jeg tror mest af alt hans diagnoser er af de lette slags og at han mest af alt er ondskabsfuld.",negative
153,"JÃ¸sses hvor er det nemt at lÃ¸be med pÃ¥ politisk korrekthed her.. Folk skal slappe af. Medmindre alle blot rÃ¥ber â€œdumme modstanderâ€, men her rammer vi ogsÃ¥ de dumme, og det er ikke fair. Hvor gÃ¸r grÃ¦nsen? â€œSpadser narâ€, â€œFede narâ€, â€œRÃ¸dhÃ¥ret amÃ¸beâ€ Osv osv. Folk skal slappe af..",negative
154,"Vi kÃ¸rer rundt til hverdag med en milliard plakater over det hele. Annoncer, reklamer etc. Pludselig skulle valgplakater udgÃ¸re en sÃ¦rlig stor risiko. Det giver absolut ingen mening.",neutral
155,"LegekÃ¦den: Hvis ikke folk bruger os, sÃ¥ kan det vÃ¦re os, der mÃ¥ lukke nÃ¦ste gang (Dette er en plus-artikel)",negative
156,Ville du ikke grine en uge hvis det var os?,neutral
157,Mit bud er at vi fÃ¸rst fÃ¥r noget ordentligt og brugbart at stemme pÃ¥ - uanset om vi er blÃ¥ eller rÃ¸de - nÃ¥r DF mister deres indflydelse pÃ¥ den politik der bliver fÃ¸rt i #dkpol.,negative
158,"Khader: Det er 's skyld, at nu lukker.
#dkpol
[LINK]",negative
159,"Ros til for at bruge ordet 'terrorangreb' om begivenhederne i New Zealand, alle jer andre nosse-lÃ¸se medier. Skam jer. #dkpol",negative
160,"Det er pinligt, det er skamfuldt det er ikke superligaen vÃ¦rdigt! #sldk #bandegate #bandekonflikt #fckfcm",negative
161,"Intet ondt herfra ğŸ˜Š Det er muligt, at du har ret. Jeg har bare ikke kunnet finde den definition, men jeg har heller ikke brugt old school ordbÃ¸ger. Jeg formoder ikke, at mange dyr ud over mennesket parrer sig med andet formÃ¥l end reproduktion. Jeg har heller ikke hÃ¸rt ...",positive
162,"Det vil sige, at ud af de 17 stÃ¸rste pensionsselskaber har PFA, PKA, MP Pension, Pensam, TopDanmark og ATP ingen penge i de store canadiske tjÃ¦resandsselskaber #dkgreen",neutral
163,"Ja, alle er jo enige om, at forholdene for dyrene bare ikke er i orden - overhovedet. 
SÃ¥ lad os dog handle efter det og ikke smide penge efter det nÃ¥r vi er ude at handle &lt;3",negative
164,"Det er komisk, hvordan voksne mennesker bliver ved med at snakke om at paludan koster samfundet penge. Det er sgu de satans udlÃ¦ndinge der ikke Ã¸nsker at fÃ¸lge dansk lov. Om de bliver provokeret eller ej er jeg ligeglad med. Det bliver jeg ogsÃ¥, jeg smadrer dog ikke en bydel",negative
165,"Skuffende, at du ikke hoppede med pÃ¥ diller-vinklen.",negative
166,En af dem har ud af det blÃ¥ fÃ¥et 800 ligegyldige kommentarer pÃ¥ sit seneste opslag. Nye (kÃ¸bte) fÃ¸lgere til at betale flasker med? ğŸ˜‚,negative
167,"UDSOLGT TIL DERBYğŸ”¥ En dejlig nyhed, som vi er glade og stolte over at kunne prÃ¦sentere. Men vi ved erfaringsmÃ¦ssigt, at der kan komme et antal billetter retur, sÃ¥ skriv dig pÃ¥ DERBY-ventelisten, hvis du vil have muligheden #fcklive #fckbif",positive
168,"HamletScenen prÃ¦senterer â€œRichard IIIâ€ til sommer. Magtsyge, mord, sex og manipulationer fra verdens fÃ¸rste seriemorder, lover instruktÃ¸ren",positive
169,"kan i ikke droppe den forespÃ¸rgsel efter lokation nÃ¥r man gÃ¥r ind pÃ¥ jeres side? Det crasher min Firefox pÃ¥ android.
Lav i stedet en knap, for dem der ikke ved hvor de er.",negative
170,"#dkpol #Rasmuspaludan Hvilket hykleri - Paludan har ikke lavet selv den mindste bule i en bil. Hvad med at adressere de fanatikere og voldsmÃ¦nd, der laver uro og hÃ¦rvÃ¦rk ? Virkelig en sÃ¦r udtalelse C Oxfeldt er kommet med.",negative
171,Stort potentiale for #dkbiz i at etablere level playing field i hele Norden nÃ¥r vi implementerer EU-regulering â¦@USERâ© til svensk erhvervsminister â¦â¦â¦â¦@USERâ© â¦â¦@USERâ© ser muligheder i styrket samarbejde,positive
172,"Da vi fik ham tilbudt sidste Ã¥r til 7mil (mener jeg det var) det er jo ingenting for en mÃ¥lmand med hans kvaliteter.. det koster at blive mestre..! Min holdning er bare, klasse keeper..!",positive
173,"#danmarkspanelet handler i dag om minimumsnormeringer. Panelet udfordrer og @USER. OgsÃ¥ om udflytning, ultimative krav og propapanda fra Kina. Se med kl 11, 13 og 21 pÃ¥ #dkpol",neutral
174,"Det kan jo slet ikke forslÃ¥. Men den regnemetode som Finansministeriet benytter skal du forvente at der skal forhÃ¸jes med yderligere kr. 225.000 oven i det som den enkelte skal have.
Det bliver megadyret og er vel grunden til at V ikke har fremlagt noget. #dkpol",negative
175,Tydelig at fakta ikke betyr noe for ham og tilhengerne. Det er jo bare trist og en smule skremmende.,negative
176,"Jeg synes, det er vigtigt her i 2019 at markere den slags kulturel appropriation. HÃ¥rdt.",negative
177,Skjulte fordele: Fire skills du kan 'level up' med computerspil,positive
178,Jeg mener snildt i kan dÃ¦kke seriÃ¸se begivenheder som fx herrefodbold. Det handler jo bare om at i klÃ¦der jer anstÃ¦ndigt og de rigtige vÃ¦rter sÃ¥ fx gÃ¸r som Neville og Carragher. Hagen op. I kan godt. ğŸ¤—ğŸ˜˜,negative
179,"PrÃ¦cis, islam skal ud af Europa, da det er en totalitÃ¦r ideologi. Stram Kurs er derimod ikke et totalitÃ¦rt parti, men mÃ¥ derimod sÃ¸ge indflydelse gennem demokratiet som alle andre danske partier.",negative
180,RT @USER: Fedt at sÃ¥ mange unge mener at der skal gÃ¸res mere for klimaet #dkpol #eupol,positive
181,RT @USER: 72.000 flypassagerer pÃ¥virkes af SAS-strejke. 673 afgange aflyses.,neutral
182,"Jeg er ikke sÃ¦rlig pessimistisk, fordi jeg tror vi taber. Det er mest fordi jeg tror at Damen ikke spiller. Hvis hele holdet er klar, sÃ¥ er jeg rimelig sikker pÃ¥, at vi munker dem.
Men det sidder ogsÃ¥ bare i baghovedet, at vi kan blive de store tabere, hvis vi smider point. (1/2)",neutral
183,Oceaniske og australske mesterskaber i strandhÃ¥ndbold er i gang -,neutral
184,Ja de vil ud. Men de har jo ikke taget stilling til hvordan de vil ud. Det er jo ikke en unilateral aftale hvor de bare kan diktere hvad de vil have og ikke vil have og sÃ¥ fÃ¥r de det.,negative
185,"Ã…rh, den fest ville jeg gerne havde vÃ¦ret med til!",positive
186,er der bestemt respekt for! Der er et spÃ¸rgsmÃ¥l om der efterhÃ¥nden er respekt for Formanden,neutral
187,"Well, konsekvensen af Stram Kurs i valget bliver endnu et flygtningevalg, hvor Lars og Inger kan fremstÃ¥ som fornuftens humane strammere. Sikker pÃ¥ der ikke blev sagt â€œen flÃ¸j i Venstreâ€? #dkpol",negative
188,"Det kan du sige, men med Artikel 13 bliver det jo det samme alle steder som fx ogsÃ¥ YouTube. Og som privat har man bare ikke det samme resch pÃ¥ sin egen blog",negative
189,"Derby spÃ¦ndingen og nervÃ¸siteten ramte mig lige ret sÃ¥ hÃ¥rdt. Tror dog stadig pÃ¥ 3 point. Kom sÃ¥ FC!! 
#sldk #fcklive",positive
190,"Begivenhedsrig fÃ¸rste halvleg pÃ¥ bÃ¥de godt og ondt. Fodens scoring mÃ¥ varme enhver enhver Cityfans hjerte. DesvÃ¦rre mÃ¥tte KdB humpe ud af banen med noget der ligner en forstrÃ¦kning. 
#ManCitySpurs #pldk",positive
191,"Ej.. Nu mÃ¥ den ""jeg fÃ¸ler mig krÃ¦nket""-plage, der har ramt landet, simpelthen stoppe!!! Kan ikke holde det ud.. Det er SATIRE.. SlÃ¥ det op, lÃ¦s om det, hvis I ikke forstÃ¥r det..!!!",negative
192,Der har vÃ¦ret er fÃ¦rdelsuheld pÃ¥ E20-motorvejen mellem SkÃ¦rup og Fredericia i Ã¸stgÃ¥ende retning. #politidk,neutral
193,"Min pointe er, at EU ikke er en afsondret tredjepart. Det er et fÃ¦llesskab, som Danmark indgÃ¥r i.",neutral
194,"Det er ogsÃ¥ sat pÃ¥ spidsen, Trump har eksempelvis haft massere af gode ting pÃ¥ menuen ogsÃ¥. Ligesom det var pisse god tv at se Allan vÃ¦lte rundt sent i programmet. ğŸ˜‚",positive
195,"Det kan vÃ¦re lidt smÃ¥svÃ¦rt at vÃ¦re socialdemokrat og finde et parti, der reprÃ¦senterer en i 2019's Danmark. Men det mÃ¥ da vÃ¦re komplet umulig at vÃ¦re liberal. #dkpol",negative
196,"BPA er verdens bedste kompensationsordning. Men den kan kun fungere, hvis de borgere der Ã¸nsker det, kan overdrage deres arbejdsgiveansvar. Den ret udhules fuldstÃ¦ndig, nÃ¥r kommunerne presser adm.bidraget i bund #dkpol @USER
[LINK]",neutral
197,Om noget er en krise eller ej kan ikke afgÃ¸res faktuelt,neutral
198,Find ud af hvordan patienter kommer ind i sÃ¥ skÃ¦ve udredningsforlÃ¸b #sundpol #dksund,negative
199,Kan vi ikke lukke ude fra konstant at tage skatteborgernes penge og bruge dem pÃ¥ tÃ¥beligheder? #dkpol,negative
200,"Det er begrÃ¦nset, hvor meget man kan uddybe pÃ¥ 200 tegn pÃ¥ twitter, men du kan lÃ¦se hele forslaget her, hvor jeg vil mene der er svar pÃ¥ dine spÃ¸rgsmÃ¥l. Man anvender geografi, som kriterium",neutral
201,"Den seneste stigning i indkomstskatten blev foretaget af en venstre-ledet regering, der var gÃ¥et til valg pÃ¥ at sÃ¦nke den. MÃ¥ske skrÃ¦mmer det de radikale fra at love for meget?",neutral
202,"Tv-vÃ¦rten Abdel Aziz Mahmoud har kÃ¸bt [LINK],",neutral
203,Hvorfor gik du sÃ¥ ikke bare ud ğŸ™„,negative
204,"Skal du med ud og samle affald pÃ¥ sÃ¸ndag? â™»ï¸ğŸ¥«ğŸš¬
Der er mere end tusind lokale indsamlinger tilmeldt den store affaldsindsamling pÃ¥ sÃ¸ndag. Find en indsamling nÃ¦r dig og blive affaldshelt for en dag ğŸ‘‰ #dkgreen #TrashTag #affaldsindsamlingen",positive
205,"Jeg har heller ikke set sÃ¥ meget af det, men min fornemmelse for det, jeg fÃ¸lger af NHL er, at han holder Maple Leafs inde i serien",positive
206,"Fedt igen at se at Viasats eksperter er ukvalificeret. At graulund kan sÃ¦tte Duncan og Zidan over Dame, er mÃ¦rkeligt. At overhovedet have Duncan pÃ¥ en top fem kan udfordres. Santin, Jimmy Fall, Utaka, Pukki, Nordstrand, zuma osv er sgu da bedre end Dunken #sldk #biffck",negative
207,Det ser spÃ¦ndende ud! Men for en god ordens skyld: Det er og der holder konferencen. Vi er bare skriverkarle :-),positive
208,"Krimiromaner omdannes til tv-serie med HelsingÃ¸r som omdrejningspunkt,",neutral
209,"DesvÃ¦rre. Ingen i DK er interesserede i at kende sandheden. Som f.eks. at markant Ã¸gede cigaretafgifter kan fÃ¸re til FLERE unge rygere: 
[LINK]
Det er for stÃ¦rkt at hÃ¸re for svage sjÃ¦le ... ğŸ˜…ğŸ˜…",negative
210,"VÃ©d ikke hvor gammel du er, men pÃ¥ min ""Glad-liste"" er Stig MÃ¸llers ""SikkeÂ´n dejlig dag det er i dag"" - ogsÃ¥ Gnags ""Lav sol over Ã…rhus"", ""Safari"", ""Slingrer ned af Vestergade"", ""Sensommer pÃ¥ StrÃ¸get"" plus mange andre.",positive
211,"Det kunne vÃ¦re en super drÃ¸m, ingen tvivl om det.

Men vi skal vente noget tid fÃ¸r det sker da vi 100 procent kommer ind pÃ¥ stabilitet som stadigvÃ¦k halter lige pt. Dog er jeg overrasket over at der er ikke sket de helt store udsving fra det afsluttende CPH Games.",positive
212,"Ok, vi husker lidt forskelligt, men essensen er jo den samme.",neutral
213,"Tja, nu er jeg ikke DF'er og bliver det aldrig, MEN det er dybt problematisk at unge mÃ¦nd tyranniserer en bydel/BrÃ¸nshÃ¸j Torv, fÃ¥r drevet vognen vÃ¦k efter massiv chikane, stenkast, kanonslag osv, fordi den serverer svinekÃ¸d! At DF buger det som stunt er fordi ingen har ageret fÃ¸r",negative
214,"Nu er billeder, meget svÃ¦re at dÃ¸mme ud fra. Men der kunne da helt sikkert have vÃ¦ret faldet rÃ¸dt kort i kampen. 
Nu er det jo ikke dommeren der kan sige han vil se VAR pÃ¥ en situation. Han dÃ¸mmer kampen som han ser den, og sÃ¥ er det VAR rummet det skal melde til dommeren.",neutral
215,"Har du lÃ¦st den? Jeg tror, det er en af de lÃ¦ngste og mest gennemarbejdede artikler, vi bragte sidste Ã¥r, og den er fortalt i flere kapitler og linker desuden til en rÃ¦kke britiske mediers fortÃ¦llinger.",neutral
216,"Berlingske lavede engang en artikel. Danskere udtalte sig for eller imod kongehuset og resultatet blev:""Der er historisk fÃ¥ republikanere i Danmark. Ca. 82 pct. af befolkningen Ã¸nsker at bevare monarkiet, mens kun 13 pct. Ã¸nsker at afskaffe det"". Held og lykke ğŸ§",neutral
217,"Spar rejseforsikringen, det er trods alt kun meget fÃ¥ der rammes af sygdom og ulykker pÃ¥ ferien #dkpol #dkmedier",neutral
218,"Nu er det sÃ¥ Swedbank og â‚¬135 milliarder, og endnu en direktÃ¸r der friholdes fra ansvar og straf. Men det er da godt at hÃ¸jrebloggerne kan skÃ¦lde ud over malerier i fÃ¦ngslerne. #proportioner #hvidvask #whitecollarcrime",negative
219,"Hvor tÃ¦t er vi pÃ¥ at kunne bremse aldring? BÃ¸r vi gÃ¸re det? Ville du selv, hvis du kunne? Vend de store spÃ¸rgsmÃ¥l med fra @USER: Bestil ham - helt gratis - til et foredrag (LÃ¦s om Forskningens dÃ¸gn: [LINK]) #dkvid",positive
220,"Seneste topnyhed pÃ¥ : #nyheder HÃ¥rd rock og hÃ¦der: Da Dronningen kom til Rungstedlund Intet er som det plejer, nÃ¥r Lars Von Trier er involveret.",neutral
221,Han har allerede indrÃ¸mmet brugen af doping over for Ã¸strigsk politi,negative
222,"En oplysning, som vi ikke mÃ¥ overse! I sundhedsvÃ¦senet skal vi behandle hinanden med respekt og ordentlighed.",positive
223,"Det har OGSÃ… vÃ¦ret en stor dag for tossen, nÃ¥r I lige pludselig tager ord som krig op af hatten og giver ham fuldplade-dÃ¦kning.",negative
224,"Ikke i hÃ¥ndholdt consumerudstyr. 3,5 GHz blev ogsÃ¥ brugt til FWA i dk. Men det er irrelevant i denne forbindelse",neutral
225,Til dig eller hunden?,neutral
226,Kommunen kiggede med pÃ¥ Kevins Netflix-forbrug: Politikere skal drÃ¸fte kontrolarbejdet,neutral
227,"har faktisk ikke styr pÃ¥ noget som helst, derfor den lidt sure LLR for nÃ¦rgÃ¥ende spÃ¸rgsmÃ¥l ;-) Han kan pakke sine sydfrugter, og smutte ned til resten af Vennerne i EU ;-) #dkpol",negative
228,"Hvad er meningen med #Livet? 
Meningen med #Livet â€“ det er et spÃ¸rgsmÃ¥l, som de fleste nok har stillet sig. Men de fÃ¦rreste tror, at svaret findes. Men det gÃ¸r ... #Filosofi #Trending #Vidstedu",positive
229,"Borgere anklager politiker i bibliotekssag: Du er inhabil Nr. Broby: Det er lidt pudsigt, at SÃ¸ren Hillers, som bÃ¥de er skoleleder pÃ¥ Brobyskolerne og kommunalpolitiker for Radikale Venstre, har stemt for den biblioteksflytning, der gavner hans egen skole. Dâ€¦[LINK]â€¦",negative
230,"Endnu en gang mÃ¥ man spÃ¸rge sig selv om, hvorfor denne type virksomhed ikke kan noteres i Danmark fremfor i Sverige. Jeg tror det er aktiesparekonto, kultur og manglende fokus pÃ¥ de spÃ¦ndende smÃ¥ virksomheder pÃ¥ den danske bÃ¸rs #ivÃ¦rksamf",negative
231,"tbh Jeg antager altid, at de fleste lande uden af Europa er farlige, for folk som mig. Det er mere sikker, end at antage det modsatte.",negative
232,"Cigaretter kÃ¸bt i udlandet uden afgifter, og solgt af bander i DK.
Markedet bliver stort og alle der kÃ¸ber vil synes at afgifter er forkert.
Kriminalisering har alle dage vÃ¦ret dÃ¥rligt for borgerne i den sidste ende.
Kampagner er langt bedre.
#dkpol",negative
233,"Tja. Jeg tror nu alligevel, at det var bedst for alle at Bashkim tog videre. Han havde ikke fÃ¥et tiden til at nÃ¥ det her niveau med konkurrencen i FCK, tror jeg. Er dog stadig ked af, at skaderne Ã¸delagde det for ham i FCK.",neutral
234,Jeg er ikke specielt uenig. Men to ting: Jeg vil ikke vÃ¦re med til at sÃ¦tte lighedstegn ml. sexarbejdere og kvinder. Og vi behÃ¸ver slet ikke diskutere om sexkÃ¸b lever af og re-producere undertrykkelse og Ã¸delagte liv. Men jeg ser ikke et forbud som en lÃ¸sning.,negative
235,5-2 Hamburger SV-FC Midtjylland! '90: MÃ¥l til Hamburger SV,neutral
236,Jonas Kamper gÃ¸r comeback i Randers FC - som sÃ¦lger. #sldk,positive
237,"Er det noget a la det her? [LINK]
Der dukker lidt op under lÃ¸betÃ¸j til kvinder. Nu vil jeg ogsÃ¥ have et par! #osudenthighgap",positive
238,"Uh! Den kender jeg godt! Det er der, hvor man skal tolerant, med mindre det truer demokratiets mulighed for at sikre tolerancen, for sÃ¥ skal man derimod vÃ¦re intolerant overfor intolerancen.",negative
239,4 gange Kaptain arbejder i samme virksomhed,neutral
240,"Eksakt. For min skyld kunne man vise samtlige pitches. Jeg skulle nok Ã¦de de ekstra programmer, som det ville udlÃ¸seğŸ‘ğŸ»",neutral
241,"Blev EF Education First-trikoten lidt flottere i dag, efter Alberto Bettiol vandt Flandern? Det tror jeg faktisk.",positive
242,"det er ikke glemt i den danske folkeskole. En de eneste overlevende danskere fra Auschwitz er 90-Ã¥rige Arlette Andersen hun har holdt mere end 400 foredrag for isÃ¦r unge
[LINK]",positive
243,"Ingen kender jo et eventuelt erstatningskrav - det er det vi skal have undersÃ¸gt og sÃ¥ forhandlet med bevillingshaverne. Taler du indtÃ¦gter snakker vi, som sagt, 4 mia. kr. Ã¥rligt fra 2030 og frem",neutral
244,Sondre Slettemark vandt Future Star-konkurrence ved VM,positive
245,Det er lige med at holde pÃ¥ hat og briller. Det bliver en dag fyldt med blÃ¦st ğŸŒ¬ğŸŒ¬,neutral
246,"Det gÃ¸re det jo lige akkurat. BrÃ¸ndby er vel den klub i kongeriget, der er mest interesse for. MediedÃ¦kningen ville pÃ¥ ingen mÃ¥de vÃ¦re sÃ¥ massiv, hvis det alene drejede sig om Anderlecht/BrÃ¼gge. SÃ¥ spÃ¦ndende er Belgisk fodbold bare ikke.",negative
247,S og R lÃ¦gger landbrugets svigt ved regeringens fÃ¸dder,negative
248,"(2) Men der er et paradoksproblem her, der udstiller hvor inkonsekvent vores lovgivning er:
Hash er ikke sÃ¦rlig fysisk skadeligt - men folk fÃ¥r alligevel KOL og krÃ¦ft af det.
Hvorfor? Fordi de blander det ulovlige stof med et lovligt stof: tobak.
Som er livsfarligt.
""Logik""?",negative
249,Advice bekrÃ¦fter hemmeligt samarbejde med Falck mod Bios: Â»Vi beklager det dybtÂ«,neutral
250,"RisgÃ¥rd, og nu Kvist. s midtbanelegender takker af til sommer. Er der nogen, der tÃ¸r spÃ¥ om, hvem der kan vÃ¦re de nÃ¦ste danskere med den status? #sldk #FCKOB #AaBHOB",neutral
251,"Der er mange knuste Ã¦g, men ingen omelet!",negative
252,"LÃ¦s mere om samrÃ¥det her i 
[LINK]
#Skolechat",neutral
253,"Coop: Skjulte smÃ¸ger sender salget til andre kÃ¦der Det er en god idÃ© at gemme cigaretter vÃ¦k i butikker, mener Coop, der efterlyser politisk handling pÃ¥ omrÃ¥det.",positive
254,"#Asfaltaftalen fÃ¥r skarp kritik: 
""Den skal vÃ¦re meget mere grÃ¸n. Regeringen og Dansk Folkeparti vÃ¦kker frustration i rÃ¸d blok, hvor glÃ¦der sig til at rulle aftalen tilbage efter et valg med muligt rÃ¸dt flertal.""
Citat: Berlingske kun for abonnenter
#dkpol #dkmedier",negative
255,"Ikke her (se link). Men lad det nu ligge. Vi kommer tydeligvis ingen vegne. Der er meget andet at bruge tid pÃ¥.
[LINK]",negative
256,ğŸ¤£ğŸ¤£ frygtligt at de forsÃ¸ger at manipulere sÃ¥ meget det er for tosset altsÃ¥ :(,negative
257,"SkÃ¥l, og fremragende navneskift",positive
258,"Naturen er i krise og mangfoldigheden gÃ¥r tilbage i katastrofalt tempo. Vi tror pÃ¥, at vi skal genetablere et nÃ¦rt forhold til naturen for at bekymre os om den - og passe pÃ¥ den. Derfor foreslÃ¥r vi en demokratisering af vores natur #dkpol #dkgreen #fv19",negative
259,"Det er et virkelig interessant skridt, Danske Bank-koncernen har taget her. De tager det officielle danske eksportforbud mod militÃ¦rt udstyr til Saudi-Arabien og bruger det pÃ¥ alle deres investeringer i verden #dkpol",negative
260,Der er allerede i dag betalte arbejdsmarkedsuddannelser og vi betaler allerede i dag til det system.,negative
261,Jeg vil gerne bruge udtrykket skrupskÃ¸re mennesker. Folk er jo blevet sindsyge af alt det farve snak. Brug nu bare den sunde fornuft!,negative
262,"Ja, for man kan jo gennemskue et valgstunt nÃ¥r man ser det. Jeg vil gerne se de samme tage ud nÃ¥r der ikke er valg. Det er hvad jeg mener. For sÃ¥ ville det give mening. 

Ingen har sagt de ikke skal ud.",neutral
263,At der skal vÃ¦re plads til udemokratiske religiÃ¸se nazister foran landets parlament siger alt om den seneste generation af landsforrÃ¦deriske politikere #dkpol #TagDanmarkTilbage #islam,negative
264,"Er de nedslidte pÃ¥ baggrund af helt konkrete kriterier, sÃ¥ fÃ¥r de noget ud af regeringens aftale. Men selvfÃ¸lgelig er det ogsÃ¥ nemmere ikke at blive konkret.",negative
265,"kommer til at hjÃ¦lpe med at strÃ¸mline og eksekvere Strategi 6.4. Og selvfÃ¸lgelig skal vores presspil nuanceres og udvikles, men det kommer den nye trÃ¦ner til at stÃ¥ for. Tror ikke vi kommer til at vÃ¦re sÃ¥ ultimative i presset, som under AZ, men mindre er ogsÃ¥ ok.",neutral
266,"I anledning af #1maj stÃ¸tter jeg endnu engang kampen imod #ulovliglogning.

#dkpol",positive
267,"PÃ¥ tide, at forbrugerrÃ¥det , finansrÃ¥det eller bare nogen gÃ¸r noget ved dette fÃ¦nomen. Trygs koncept er fuldstÃ¦ndig sindssygt: Hvis min...",negative
268,"LA's Benny Bonde fra Haderslev er ikke pylret - snupper lige et telefoninterview direkte fra sygehuset, hvor han er akut indlagt med blodprop i hjernen. Den ene arm og den ene side af ansigtet virker ikke, men der er mange andre, der har det vÃ¦rre...",positive
269,Det er et super initiativ. Det er i partnerskab pÃ¥ tvÃ¦rs af sektorer lÃ¸sningerne pÃ¥ sundhedsudfordringerne skal findes. Der er en sÃ¦rlig udfordring for msk. m psykisk sygdom,positive
270,"FÃ¸ler mig langt fra fattig, venstreorienteret JA. Nogle mÃ¥ 
forsvare samfundets svageste nÃ¥r VLAK har valgt at nedgÃ¸re/ydmyge
dÃ¥rligst stillede med fattighjÃ¦lps ydelser ! ""Elitens kloak""?
NÃ¥r det regner med overflod i whisky bÃ¦ltet fÃ¥r jeg rÃ¥d til en ekstra Ã¸l
@USER",negative
271,"Det siges at ""intet er sÃ¥ skidt, at det ikke er godt for noget"".
Selvom Rasmus Paludan, Stram Kurs i sig selv er forrykt vil
han uden tvivl stjÃ¦le stemmer fra bÃ¥de Pernille Vermunds
@USER og Pia KjÃ¦rsgaards sÃ¥ kabalen
med FÃ†RRE racister i Folketinget gÃ¥r op",positive
272,InnovationsvÃ¦rkstedet pÃ¥ Transport 2019 bÃ¸d ogsÃ¥ pÃ¥ en reel pre verdenspremiere #dktrp #dkgreen #dkbiz,neutral
273,"Men det har da stadig ikke noget at gÃ¸re med, om jÃ¸derne i Danmark rent faktisk var velintegrerede.",neutral
274,Tilskuer-boom i Superligaen: FCK spurter frem #brÃ¸ndby #fcklive #agf #fcm #aab,positive
275,"har tabt sutten - det er jo pinligt, det her: â€œV-ministre indkaldte til pressemÃ¸de for at kritisere Socialdemokratietâ€

[LINK]",negative
276,"Major2020 Tlan recap - Produceret af @USER

Nogle gange er vi pis, andre gange er vi ikke - det er bare #JGS",neutral
277,"Den forelÃ¸bige tidshorisont er, at Ã¦ndringerne gÃ¦lder til og med fredag d. 26/4.

Rejseplanen opdateres med Ã¦ndringerne i lÃ¸bet af onsdag formiddag.",neutral
278,"0-1 AaB-Vejle Boldklub! '6: MÃ¥l af Gustaf Nilsson, Vejle Boldklub",positive
279,"Ved ikke om det ligefrem lyder som et overfald. Dem fra XR jeg snakkede med i dag talte i Ã¸vrigt dansk og understregede netop, at de er ikke-voldelige. Og det er da ogsÃ¥ sÃ¥dan, det skal vÃ¦re.",positive
280,Og jeg gÃ¦tter pÃ¥ at det hele hÃ¦nger sammen med klimaforandringerne at vi ser disse udsving? #dkpol #dkgreen,neutral
281,18 danskere smittet af sjÃ¦lden mave-tarminfektion,neutral
