text,label
Mindst 20 aflyste afgange: Letbaneproblemer forts√¶tter torsdag,neutral
"Det er pinligt, det er skamfuldt det er ikke superligaen v√¶rdigt! #sldk #bandegate #bandekonflikt #fckfcm",negative
"K√¶re larsclilleholt 
 Vidste du at klimaforandringerne f√•r verdenshavene til at stige, og det vil skabe dobbelt s√• mange oversv√∏mmelser om blot f√• √•rtier, viser nyt studie. Specielt K√∏benhavn kan st√• for skud! 
Hvad vil du g√∏re ved det? #dkpol",negative
"V√©d ikke hvor gammel du er, men p√• min ""Glad-liste"" er Stig M√∏llers ""Sikke¬¥n dejlig dag det er i dag"" - ogs√• Gnags ""Lav sol over √Örhus"", ""Safari"", ""Slingrer ned af Vestergade"", ""Sensommer p√• Str√∏get"" plus mange andre.",positive
To montenegrinske stjerner skifter til europ√¶isk storklub -,neutral
"Og hvad synes du s√•, S√∏ren, om m√•den Bager fik de 100.000 p√•?",negative
Teknologisk Institut: Nye vejledninger skal r√•dgive om altaner #altaner #dkbyg,neutral
"Jeg ser heller ikke nyheder s√• ofte l√¶ngere (de dukker s√• op p√• Twitter, men...) Jeg s√• engang mange debatprogrammer - det g√∏r jeg heller ikke mere i s√• h√∏j grad. Niveauet og prioriteringerne har √¶ndret sig ret drastisk, IMO og det er IKKE til det bedre :((",negative
N√•r man skal beskrive ungdommen for morfar,neutral
"Det er s√• synd for Ajax, at det her hold nok bliver splittet fra hinanden",negative
"Nyopf√∏rte parcelhuse er i snit 86 % procent st√∏rre end i
1957, mens stigningen for stuehuse ligger p√• 56 % siden 1964.
#dkbiz #dkbol #dk√∏ko #dkcre Kilde:",neutral
Opk√∏b tr√¶kker Royal Unibrew op i f√∏rste kvartal,positive
"Endnu en gang m√• man sp√∏rge sig selv om, hvorfor denne type virksomhed ikke kan noteres i Danmark fremfor i Sverige. Jeg tror det er aktiesparekonto, kultur og manglende fokus p√• de sp√¶ndende sm√• virksomheder p√• den danske b√∏rs #iv√¶rksamf",negative
Hvad skal dit forbund hedde?,neutral
"Leo Vegas, hvor en 42-√•rig kvinde forleden tabte en halv mio. kr. p√• et d√∏gn, er i dag klar med endnu en ulovlig annonce leveret af Det er utroligt, at danske politikere bliver ved med at tro, at bookmakerne regulerer sig selv #Utopia #dkpol",negative
"Alt for l√¶nge har homofobien f√•et lov at v√¶re en integreret del af sportsverdenen, med fodbold i spidsen. 

Det er forrykt n√•r b√∏rn og unge l√¶rer at homofobisk jargon h√∏rer hjemme p√• stadion, i klubben, p√• banen og i...",negative
Jonas Kamper g√∏r comeback i Randers FC - som s√¶lger. #sldk,positive
For mig var det Google Ads p√• diverse mediers sider,neutral
"fra skriver #dkmedier 
[LINK]",neutral
4 gange Kaptain arbejder i samme virksomhed,neutral
"Hvordan s√¶tter vi str√∏m til et gr√∏nnere Danmark? F√• svar fra og @USER, n√•r vi inviterer til valgdebat sammen med d. 25. marts ‚û§ #dkpol #dkgreen #dkenergi",neutral
Hele vores flygtningesystem fra efter anden verdenskrig fungerer stadig. Vi har i FN netop opdateret i 2018 vedtaget migrationspagt. (Tak #talop) #epvalg19 #eudk #ep19dk #dkpol,neutral
"R√∏dovre Centrum-Michael Jackson-strategien, som den hedder",negative
"Godt med lidt staldtips til os, der aldrig n√•ede p√• GRIKU üòÄ",positive
"Det har du fuldst√¶ndigt ret i, og det er et stort problem for #dkmedier, at det ikke er lykkes at skabe en ordentlig booking-platform til dette segment.",positive
"#CentraliseringNejTak #DKPOL
Pinligt at lytte til VLAK+ DF
De har ikke styr p√• noget, ikke engang hvor mange ansatte der er i sundhedsv√¶snet. Hvis man har udsultet regionerne i √•revis, nu tilf√∏rer midler, som skal g√• til nyt central Akut 113 og nyt IT system, virkelig borgern√¶r",negative
"En oplysning, som vi ikke m√• overse! I sundhedsv√¶senet skal vi behandle hinanden med respekt og ordentlighed.",positive
"Min pointe er, at EU ikke er en afsondret tredjepart. Det er et f√¶llesskab, som Danmark indg√•r i.",neutral
Det er lige med at holde p√• hat og briller. Det bliver en dag fyldt med bl√¶st üå¨üå¨,neutral
"BREAKING NEWS!
S√∏ren Espersen (DF), indr√∏mmer, at Islam styrer og gir os hygge og dans. Han er rykket v√¶k fra hans normale klamme, racistiske og dumme opslag mod Islam og indr√∏mmer nu, at Islam ogs√• kan v√¶re dans og hygge.
Se, DET ville v√¶re BREAKING üòÅüòÇ

[LINK]",negative
"Tror du, jeg er √•ndsvag? Den der borgerligg√∏relse af det yderste h√∏jre, er alt for gennemskuelig og enormt tr√¶ttende. Jeg hopper fra her, og fokuserer p√• k√¶rligheden. Du skulle pr√∏ve d√©t.",negative
DF vil forbyde skolegang hvis opholdstilladelsen ryger,negative
"Der er mange knuste √¶g, men ingen omelet!",negative
Tysk v√¶kst og st√¶rke afgr√∏der skal sikre DLG rekord√•r i 2019,positive
"√¶h, hvor er de s√•kaldte ""h√∏jreradikale""?

Der er ikke √©n voldelig demonstration fra nogen h√∏jreradikale de seneste 25 √•r!? n√¶vn en?

Det er en myte, vi har en ekstrem voldelig venstrefl√∏j, som har taget side med islamisterne, og for dem er alle ""normale"" personer h√∏jreradikale",negative
"Tv-v√¶rten Abdel Aziz Mahmoud har k√∏bt [LINK],",neutral
RT @USER: Fedt at s√• mange unge mener at der skal g√∏res mere for klimaet #dkpol #eupol,positive
"0-1 AaB-Vejle Boldklub! '6: M√•l af Gustaf Nilsson, Vejle Boldklub",positive
"Desv√¶rre, s√• kan de jo s√• nu bruge det som bevis p√• at kriminelle l√∏mler s√¶tter dagsordenen og blablabla. For dem er det en win win og det er samfundet der taber",negative
"Sk√•l, og fremragende navneskift",positive
"Naturen er i krise og mangfoldigheden g√•r tilbage i katastrofalt tempo. Vi tror p√•, at vi skal genetablere et n√¶rt forhold til naturen for at bekymre os om den - og passe p√• den. Derfor foresl√•r vi en demokratisering af vores natur #dkpol #dkgreen #fv19",negative
"Jaa, det gl√¶der jeg mig ogs√• til! Det er en luksus at have s√• gode folk omkring sig üëè",positive
"""Nu er det op til May-regeringen selv at v√¶lge enten den ansvarlige kurs, som EU har skitseret ‚Äì eller at forts√¶tte kursen mod Hard Brexit""

Professor Derek Beach: May insisterer p√• at f√∏re Storbritannien mod afgrunden (abon): #dkpol #eudk",negative
"I p√•sken er jeg p√• sidelinien her‚Ä¶
Tors #fckfcm
Fre #obfcn
S√∏n ViborgFF vs N√¶stved
S√∏n #vbagf
Man #rfcaab
Man #fcmbif
#sldk #NordicBetLigaen",neutral
At der skal v√¶re plads til udemokratiske religi√∏se nazister foran landets parlament siger alt om den seneste generation af landsforr√¶deriske politikere #dkpol #TagDanmarkTilbage #islam,negative
"kommer til at hj√¶lpe med at str√∏mline og eksekvere Strategi 6.4. Og selvf√∏lgelig skal vores presspil nuanceres og udvikles, men det kommer den nye tr√¶ner til at st√• for. Tror ikke vi kommer til at v√¶re s√• ultimative i presset, som under AZ, men mindre er ogs√• ok.",neutral
"At Venstre fotoshopper deres politik ved alle, men hvorfor ogs√• billederne af deres politikere? Er der intet √¶gte i det parti",negative
"#Asfaltaftalen f√•r skarp kritik: 
""Den skal v√¶re meget mere gr√∏n. Regeringen og Dansk Folkeparti v√¶kker frustration i r√∏d blok, hvor gl√¶der sig til at rulle aftalen tilbage efter et valg med muligt r√∏dt flertal.""
Citat: Berlingske kun for abonnenter
#dkpol #dkmedier",negative
"Sidder p√• Skt. Knuds gymnasium og overv√¶rer retorik-undervisning, der sidder en hel klasse, som ikke har lyst til at deltage i debatten p√• sociale medier, for ‚Äúkampen er tabt p√• forh√•nd‚Äù ‚Äúdet er sv√¶rt at v√¶re saglig, n√•r andre ikke er‚Äù. ‚Äúvi deltager kun i debatter for at f√• ret‚Äù",negative
"Netop min tanke. Kan det v√¶re en slags happening, der skal skabe opm√¶rksomhed om misinformation p√• nettet f√∏r valgene?",neutral
Eller fordi det er godt at se hvor d√•rligt livet var f√∏r i tiden. De gode gamle dage findes ikke,negative
Udsigt til nye besparelser i kommunens budget,neutral
Tilskuer-boom i Superligaen: FCK spurter frem #br√∏ndby #fcklive #agf #fcm #aab,positive
"Legek√¶den: Hvis ikke folk bruger os, s√• kan det v√¶re os, der m√• lukke n√¶ste gang (Dette er en plus-artikel)",negative
"Tersl√∏se Kirke er blevet Vejkirke Tersl√∏se Kirke er blevet en s√•kaldt Vejkirke. Det indeb√¶rer, at kirken √•ret rundt kan bes√∏ges af turister og alle interesserede p√• f√∏lgende dage: Tirsdag-onsdag-torsdag kl. 8-15.",neutral
"Den forel√∏bige tidshorisont er, at √¶ndringerne g√¶lder til og med fredag d. 26/4.

Rejseplanen opdateres med √¶ndringerne i l√∏bet af onsdag formiddag.",neutral
"Begivenhedsrig f√∏rste halvleg p√• b√•de godt og ondt. Fodens scoring m√• varme enhver enhver Cityfans hjerte. Desv√¶rre m√•tte KdB humpe ud af banen med noget der ligner en forstr√¶kning. 
#ManCitySpurs #pldk",positive
"Men det er jo problematisk, uansett om det er billedlig ment - det virker jo unektelig som barnet ikke har det s√• bra?
‚ÄúShe can see carbon dioxide with the naked eye. She sees how it flows out of chimneys and changes the atmosphere in a landfill.‚Äù",negative
"Det er overordnet en konjunkturer effekt, men hvor grupper med lav besk. oplever de st√∏rste stigninger i besk√¶ftigelsesgraden - s√• ja, de bidrog ogs√•, men de er ikke s√• mange at de kan flytte den aggregerede kurve s√• meget",neutral
